id,article_code,title,description,base_price,is_available,created_at,updated_at
0711dadc-15d9-1132-1b70-465ceb21be74,SH1001,Ubiquiti UniFi G4 Doorbell Pro PoE Kit,"PoE smart doorbell with 5MP HDR video, package detection, and two-way audio for apartment and home entries.",46999,true,2025-01-05T09:00:00.000Z,2025-01-05T09:00:00.000Z
517f4396-1f2b-1e2d-76cc-6d1ea0769fb2,SH1002,UniFi Protect G5 Bullet Camera,Outdoor-ready 2K camera with infrared night vision and UniFi Protect recording stack support.,22999,true,2025-01-05T15:00:00.000Z,2025-01-05T15:00:00.000Z
d54fdb34-1ee9-c3fc-d742-1520342f0326,SH1003,D-Link DCH-S162 Wi-Fi Water Sensor,"Leak detector with push notifications and remote alerting for kitchens, bathrooms, and utility rooms.",6999,true,2025-01-05T21:00:00.000Z,2025-01-05T21:00:00.000Z
0b33428f-fe6d-a65d-6908-d4ef3cf7fc03,SH1004,Aqara Hub M3 Matter Controller,"Matter controller and Thread border router for unifying Zigbee, Thread, and IP based smart-home accessories.",18999,true,2025-01-06T03:00:00.000Z,2025-01-06T03:00:00.000Z
82ba3bb8-341c-c031-90d8-7a0f49c65ed1,SH1005,Shelly Pro 4PM DIN Smart Relay,DIN rail relay with power metering for four channels in electrical cabinets and automation panels.,15999,true,2025-01-06T09:00:00.000Z,2025-01-06T09:00:00.000Z
9c71227f-81a9-0b33-2a66-30ab9e5de172,SH1006,TP-Link Tapo C425 Solar Camera,Wire-free 2K security camera with rechargeable battery and bundled solar panel for continuous operation.,14999,true,2025-01-06T15:00:00.000Z,2025-01-06T15:00:00.000Z
a6f4ef82-fd41-7695-119b-52f176314931,SH1007,Philips Hue Bridge Starter Bundle,Starter smart lighting set with Hue Bridge and two color-capable GU10 bulbs for scene automation.,17999,true,2025-01-06T21:00:00.000Z,2025-01-06T21:00:00.000Z
924a9254-0c72-9ef1-ca13-076e78f0c588,SH1008,Sonos Era 100 Smart Speaker,"Compact smart speaker with Wi-Fi streaming, stereo pairing, and room correction for modern living spaces.",34999,true,2025-01-07T03:00:00.000Z,2025-01-07T03:00:00.000Z
f3a24842-77a5-2bb3-cca4-8333640c4b0a,SH1009,Netatmo Smart Indoor Air Quality Monitor,"Indoor sensor that tracks CO2, humidity, temperature, and noise levels with historical charts and alerts.",12999,true,2025-01-07T09:00:00.000Z,2025-01-07T09:00:00.000Z
2966f0d7-d6a1-a805-5c19-a30b040bfe59,SH1010,Yale Linus Smart Lock L2,"Retrofit smart lock with auto-unlock, guest access, and activity logs for modern apartment entry control.",30999,true,2025-01-07T15:00:00.000Z,2025-01-07T15:00:00.000Z
e709e4f6-6dcc-5e8d-ae55-5d7a64b4fe10,SH1011,Google Nest Hub (2nd Gen),"Smart display for automations, music, and routines with sleep sensing and integrated Google Assistant.",14999,true,2025-01-07T21:00:00.000Z,2025-01-07T21:00:00.000Z
607c90c4-0d1d-e833-37e0-043a3a64d20b,SH1012,Amazon Echo Show 8 (3rd Gen),"8-inch smart display with Alexa, spatial audio improvements, and integrated smart-home dashboard.",21999,true,2025-01-08T03:00:00.000Z,2025-01-08T03:00:00.000Z
d692c00f-4351-80d8-c279-bb2acf101d4e,PC2001,AMD Ryzen 9 7900 Processor,12-core desktop CPU with strong virtualization and homelab performance for compact high-efficiency builds.,46999,true,2025-01-08T09:00:00.000Z,2025-01-08T09:00:00.000Z
e8aaadc9-77d3-950d-b30f-12ec362cbc47,PC2002,Intel Core i7-14700 Processor,"20-core hybrid processor suited for virtual machines, container workloads, and mixed workstation tasks.",50999,true,2025-01-08T15:00:00.000Z,2025-01-08T15:00:00.000Z
528ff775-1d52-256b-2bab-0446925133b3,PC2003,Gigabyte B650 AORUS Elite AX,ATX AM5 motherboard with dual M.2 Gen4 and 2.5GbE networking for modern Ryzen homelab nodes.,32999,true,2025-01-08T21:00:00.000Z,2025-01-08T21:00:00.000Z
92002af9-dcb9-4503-4de8-edf5b4d209fb,PC2004,ASUS Pro WS W680-ACE IPMI,"Workstation motherboard with IPMI remote management, ECC support, and high PCIe lane flexibility.",61999,true,2025-01-09T03:00:00.000Z,2025-01-09T03:00:00.000Z
24df13c3-8190-f840-0c9c-89e30bd6be7f,PC2005,Kingston FURY 64GB DDR5-5600 Kit,64GB DDR5 memory kit tuned for virtualization hosts and local development clusters.,22999,true,2025-01-09T09:00:00.000Z,2025-01-09T09:00:00.000Z
e6bdf15f-e274-7c1b-5395-3d980dad2079,PC2006,Samsung 990 PRO 2TB NVMe SSD,High-end PCIe Gen4 NVMe SSD for VM storage pools and fast CI cache layers.,24999,true,2025-01-09T15:00:00.000Z,2025-01-09T15:00:00.000Z
b8a236ce-862b-741b-b981-c8787ac24e45,PC2007,Crucial T500 1TB NVMe SSD,"Balanced Gen4 SSD for boot mirrors, cache drives, and compact compute nodes.",13999,true,2025-01-09T21:00:00.000Z,2025-01-09T21:00:00.000Z
789f50c6-3326-2d0f-26e7-c8286b6d9e39,PC2008,Seagate IronWolf Pro 12TB NAS HDD,Enterprise-tuned 12TB NAS disk for RAID arrays in always-on homelab systems.,31999,true,2025-01-10T03:00:00.000Z,2025-01-10T03:00:00.000Z
15777398-7f71-3ddf-07fc-4235a80b46c0,PC2009,WD Red Plus 8TB NAS HDD,Reliable 8TB NAS drive for home media and backup clusters with low vibration behavior.,22999,true,2025-01-10T09:00:00.000Z,2025-01-10T09:00:00.000Z
376a4498-2cff-8607-ccf5-e2dba60490e2,PC2010,Synology DiskStation DS923+,"4-bay NAS platform with Btrfs snapshots, container support, and backup workflows for homelab and SMB use.",89999,true,2025-01-10T15:00:00.000Z,2025-01-10T15:00:00.000Z
bc8b7592-7c09-1917-2ef8-46e45cc46c9d,PC2011,QNAP TS-464 NAS,4-bay NAS with 2.5GbE and Intel QuickAssist support for encrypted storage and media services.,79999,true,2025-01-10T21:00:00.000Z,2025-01-10T21:00:00.000Z
f93b138a-d953-8ab4-c048-f3495a1eb2ab,PC2012,Noctua NH-U12A chromax.black,High-performance air cooler for quiet homelab and workstation systems under sustained CPU load.,16999,true,2025-01-11T03:00:00.000Z,2025-01-11T03:00:00.000Z
6f9e0940-a82d-abbb-3e1d-7c3b6fc82c2f,PC2013,Corsair RM850x ATX PSU,80 PLUS Gold fully modular power supply for redundant-style homelab and workstation configurations.,19999,true,2025-01-11T09:00:00.000Z,2025-01-11T09:00:00.000Z
7a44f54b-11b2-183b-effb-47e091846dd5,PC2014,APC Smart-UPS SMT1500IC,Line-interactive UPS for protecting network racks and homelab servers from brownouts and short outages.,124999,true,2025-01-11T15:00:00.000Z,2025-01-11T15:00:00.000Z
a9e87fba-296b-9dfe-6625-ddfb33e591d8,NW3001,Ubiquiti UniFi Dream Machine Pro,"All-in-one gateway, NVR, and management appliance for unified routing, firewall, and protect workloads.",69999,true,2025-01-11T21:00:00.000Z,2025-01-11T21:00:00.000Z
4e964e08-f451-c799-e0c8-cc74b3f2d974,NW3002,UniFi USW-Pro-24-PoE Switch,24-port managed PoE switch with Layer 3 capabilities and 10G uplinks for growing office networks.,109999,true,2025-01-12T03:00:00.000Z,2025-01-12T03:00:00.000Z
404f0da9-0b19-5219-6c4f-315bb69987d3,NW3003,MikroTik CCR2004-1G-12S+2XS Router,High-throughput routing platform with dense 10G and 25G interfaces for ISP and datacenter edges.,159999,true,2025-01-12T09:00:00.000Z,2025-01-12T09:00:00.000Z
b2c79bd9-a8cc-34e6-e0af-169e5893873e,NW3004,Cisco CBS350-24T-4G Managed Switch,"SMB managed switch with advanced VLAN, ACL, and QoS controls for segmented office environments.",84999,true,2025-01-12T15:00:00.000Z,2025-01-12T15:00:00.000Z
84943d21-f7c6-0746-a330-8d30630595dc,NW3005,TP-Link Omada ER7206 Gateway,Cloud-managed VPN gateway with multi-WAN balancing for branch offices and advanced remote access.,23999,true,2025-01-12T21:00:00.000Z,2025-01-12T21:00:00.000Z
7aebe095-3ae5-ff2a-1c86-7c5f469b7717,NW3006,TP-Link Omada EAP670 Access Point,Ceiling-mounted Wi-Fi 6 access point for dense apartments and SMB office floors.,22999,true,2025-01-13T03:00:00.000Z,2025-01-13T03:00:00.000Z
7bb7f55d-f294-2911-2df8-39cf1499b38a,NW3007,Ubiquiti UniFi U7 Pro Access Point,Wi-Fi 7 access point built for low-latency roaming and high client density in modern networks.,28999,true,2025-01-13T09:00:00.000Z,2025-01-13T09:00:00.000Z
efb25ef4-1c4d-fe27-73dd-ecb3d84a7956,NW3008,Aruba Instant On AP25,Business-class Wi-Fi 6 access point with simple onboarding and secure guest networking.,27999,true,2025-01-13T15:00:00.000Z,2025-01-13T15:00:00.000Z
04a627d1-dede-22ef-cb00-7c678d385683,NW3009,Netgear GS308EP Smart PoE Switch,"Compact 8-port PoE smart switch ideal for APs, cameras, and VoIP handsets in SOHO setups.",14999,true,2025-01-13T21:00:00.000Z,2025-01-13T21:00:00.000Z
d419740c-a6dc-9cb2-e797-0a8d7cd3c075,NW3010,D-Link DGS-1210-28P Smart Switch,PoE-capable smart switch with fanless profiles and surveillance-friendly traffic optimization.,64999,true,2025-01-14T03:00:00.000Z,2025-01-14T03:00:00.000Z
f0e56eb5-c9fe-b13b-d11b-d2f7a34315f0,NW3011,Zyxel XS1930-12HP Multi-Gig PoE Switch,12-port multi-gig switch with 10G uplinks for AP backhaul and high-throughput NAS connectivity.,139999,true,2025-01-14T09:00:00.000Z,2025-01-14T09:00:00.000Z
69af10ee-b614-f0e5-6c83-f9a8a7b565b3,NW3012,Fortinet FortiGate 70F Firewall,Next-generation firewall appliance with deep inspection and SD-WAN policies for branch security.,209999,true,2025-01-14T15:00:00.000Z,2025-01-14T15:00:00.000Z
a2176cac-d662-a0d7-432d-048110a3e0d9,SV4001,Dell PowerEdge T350 Tower Server,"Entry tower server for branch workloads, backups, and virtualization in SMB environments.",389999,true,2025-01-14T21:00:00.000Z,2025-01-14T21:00:00.000Z
fd9bab5e-e215-424c-3f36-8aeea56f466b,SV4002,HPE ProLiant ML30 Gen11,"Compact tower server for file services, ERP, and virtual machines with integrated remote management.",359999,true,2025-01-15T03:00:00.000Z,2025-01-15T03:00:00.000Z
ade4f050-755b-065d-c33f-7cb8765094a3,SV4003,Lenovo ThinkStation P3 Tower,"Professional workstation optimized for CAD, software builds, and local AI prototyping.",279999,true,2025-01-15T09:00:00.000Z,2025-01-15T09:00:00.000Z
70bb0354-ca1d-d8a3-7dc6-ef2ef3749263,SV4004,Supermicro SYS-510T-MR 1U Server,1U rack server platform for virtualization clusters and edge compute deployments.,449999,true,2025-01-15T15:00:00.000Z,2025-01-15T15:00:00.000Z
e291d5ce-8ba6-8fe5-8182-394aa2919830,SV4005,Fujitsu Primergy TX1330 M5,Quiet office tower server for line-of-business applications and daily backup operations.,319999,true,2025-01-15T21:00:00.000Z,2025-01-15T21:00:00.000Z
709cd2e4-68b4-dd35-6584-102748b3a7db,SV4006,HP Z4 G5 Workstation,"Expandable workstation for simulation, rendering, and software engineering teams.",329999,true,2025-01-16T03:00:00.000Z,2025-01-16T03:00:00.000Z
0ed82b68-70fd-5c79-2afd-a3126cf2ec1e,SV4007,Dell Precision 5860 Tower,"Compute-heavy workstation for virtualization, containerized development, and data processing.",369999,true,2025-01-16T09:00:00.000Z,2025-01-16T09:00:00.000Z
86b8ab7e-06f4-a0d3-d0e9-f88204f4aa3f,SV4008,ASRock Rack 1U4LW-X570,Compact 1U server built around Ryzen platform with remote management and NVMe-ready topology.,259999,true,2025-01-16T15:00:00.000Z,2025-01-16T15:00:00.000Z
b434d047-9ebb-de06-7e9c-dae5bb110cf9,SV4009,Gigabyte R283-Z96 2U Server,2U dual-socket server chassis for virtualization clusters and parallel compute workloads.,799999,true,2025-01-16T21:00:00.000Z,2025-01-16T21:00:00.000Z
0ffb8b80-7002-dc81-ca3b-6d8d6f9d0cf6,SV4010,Intel NUC 13 Pro Tall,"Ultra-compact mini-server for home labs, edge agents, and lightweight virtualization tasks.",109999,true,2025-01-17T03:00:00.000Z,2025-01-17T03:00:00.000Z
