article_id,detail_slug,value
0711dadc-15d9-1132-1b70-465ceb21be74,power,12
0711dadc-15d9-1132-1b70-465ceb21be74,weight,520
0711dadc-15d9-1132-1b70-465ceb21be74,width,52
0711dadc-15d9-1132-1b70-465ceb21be74,height,165
0711dadc-15d9-1132-1b70-465ceb21be74,depth,32
517f4396-1f2b-1e2d-76cc-6d1ea0769fb2,power,6
517f4396-1f2b-1e2d-76cc-6d1ea0769fb2,weight,315
517f4396-1f2b-1e2d-76cc-6d1ea0769fb2,width,75
517f4396-1f2b-1e2d-76cc-6d1ea0769fb2,height,153
517f4396-1f2b-1e2d-76cc-6d1ea0769fb2,depth,74
d54fdb34-1ee9-c3fc-d742-1520342f0326,power,3
d54fdb34-1ee9-c3fc-d742-1520342f0326,weight,120
d54fdb34-1ee9-c3fc-d742-1520342f0326,width,58
d54fdb34-1ee9-c3fc-d742-1520342f0326,height,58
d54fdb34-1ee9-c3fc-d742-1520342f0326,depth,24
d54fdb34-1ee9-c3fc-d742-1520342f0326,battery-size,1000
0b33428f-fe6d-a65d-6908-d4ef3cf7fc03,power,7
0b33428f-fe6d-a65d-6908-d4ef3cf7fc03,weight,250
0b33428f-fe6d-a65d-6908-d4ef3cf7fc03,width,108
0b33428f-fe6d-a65d-6908-d4ef3cf7fc03,height,108
0b33428f-fe6d-a65d-6908-d4ef3cf7fc03,depth,32
82ba3bb8-341c-c031-90d8-7a0f49c65ed1,power,4
82ba3bb8-341c-c031-90d8-7a0f49c65ed1,weight,410
82ba3bb8-341c-c031-90d8-7a0f49c65ed1,width,90
82ba3bb8-341c-c031-90d8-7a0f49c65ed1,height,94
82ba3bb8-341c-c031-90d8-7a0f49c65ed1,depth,69
9c71227f-81a9-0b33-2a66-30ab9e5de172,power,5
9c71227f-81a9-0b33-2a66-30ab9e5de172,weight,460
9c71227f-81a9-0b33-2a66-30ab9e5de172,width,118
9c71227f-81a9-0b33-2a66-30ab9e5de172,height,64
9c71227f-81a9-0b33-2a66-30ab9e5de172,depth,64
9c71227f-81a9-0b33-2a66-30ab9e5de172,battery-size,10000
a6f4ef82-fd41-7695-119b-52f176314931,power,11
a6f4ef82-fd41-7695-119b-52f176314931,weight,380
a6f4ef82-fd41-7695-119b-52f176314931,width,90
a6f4ef82-fd41-7695-119b-52f176314931,height,26
a6f4ef82-fd41-7695-119b-52f176314931,depth,90
924a9254-0c72-9ef1-ca13-076e78f0c588,power,20
924a9254-0c72-9ef1-ca13-076e78f0c588,weight,2020
924a9254-0c72-9ef1-ca13-076e78f0c588,width,120
924a9254-0c72-9ef1-ca13-076e78f0c588,height,182
924a9254-0c72-9ef1-ca13-076e78f0c588,depth,130
f3a24842-77a5-2bb3-cca4-8333640c4b0a,power,2
f3a24842-77a5-2bb3-cca4-8333640c4b0a,weight,192
f3a24842-77a5-2bb3-cca4-8333640c4b0a,width,45
f3a24842-77a5-2bb3-cca4-8333640c4b0a,height,155
f3a24842-77a5-2bb3-cca4-8333640c4b0a,depth,45
2966f0d7-d6a1-a805-5c19-a30b040bfe59,power,5
2966f0d7-d6a1-a805-5c19-a30b040bfe59,weight,640
2966f0d7-d6a1-a805-5c19-a30b040bfe59,width,58
2966f0d7-d6a1-a805-5c19-a30b040bfe59,height,150
2966f0d7-d6a1-a805-5c19-a30b040bfe59,depth,47
2966f0d7-d6a1-a805-5c19-a30b040bfe59,battery-size,4400
e709e4f6-6dcc-5e8d-ae55-5d7a64b4fe10,power,15
e709e4f6-6dcc-5e8d-ae55-5d7a64b4fe10,weight,558
e709e4f6-6dcc-5e8d-ae55-5d7a64b4fe10,width,178
e709e4f6-6dcc-5e8d-ae55-5d7a64b4fe10,height,120
e709e4f6-6dcc-5e8d-ae55-5d7a64b4fe10,depth,67
e709e4f6-6dcc-5e8d-ae55-5d7a64b4fe10,screen-size,7
607c90c4-0d1d-e833-37e0-043a3a64d20b,power,30
607c90c4-0d1d-e833-37e0-043a3a64d20b,weight,1034
607c90c4-0d1d-e833-37e0-043a3a64d20b,width,200
607c90c4-0d1d-e833-37e0-043a3a64d20b,height,139
607c90c4-0d1d-e833-37e0-043a3a64d20b,depth,106
607c90c4-0d1d-e833-37e0-043a3a64d20b,screen-size,8
d692c00f-4351-80d8-c279-bb2acf101d4e,power,65
d692c00f-4351-80d8-c279-bb2acf101d4e,weight,85
d692c00f-4351-80d8-c279-bb2acf101d4e,width,40
d692c00f-4351-80d8-c279-bb2acf101d4e,height,5
d692c00f-4351-80d8-c279-bb2acf101d4e,depth,40
e8aaadc9-77d3-950d-b30f-12ec362cbc47,power,65
e8aaadc9-77d3-950d-b30f-12ec362cbc47,weight,90
e8aaadc9-77d3-950d-b30f-12ec362cbc47,width,45
e8aaadc9-77d3-950d-b30f-12ec362cbc47,height,5
e8aaadc9-77d3-950d-b30f-12ec362cbc47,depth,37
528ff775-1d52-256b-2bab-0446925133b3,power,20
528ff775-1d52-256b-2bab-0446925133b3,weight,980
528ff775-1d52-256b-2bab-0446925133b3,width,305
528ff775-1d52-256b-2bab-0446925133b3,height,45
528ff775-1d52-256b-2bab-0446925133b3,depth,244
528ff775-1d52-256b-2bab-0446925133b3,ram-size,192
92002af9-dcb9-4503-4de8-edf5b4d209fb,power,28
92002af9-dcb9-4503-4de8-edf5b4d209fb,weight,1090
92002af9-dcb9-4503-4de8-edf5b4d209fb,width,305
92002af9-dcb9-4503-4de8-edf5b4d209fb,height,45
92002af9-dcb9-4503-4de8-edf5b4d209fb,depth,244
92002af9-dcb9-4503-4de8-edf5b4d209fb,ram-size,128
24df13c3-8190-f840-0c9c-89e30bd6be7f,power,8
24df13c3-8190-f840-0c9c-89e30bd6be7f,weight,110
24df13c3-8190-f840-0c9c-89e30bd6be7f,width,133
24df13c3-8190-f840-0c9c-89e30bd6be7f,height,34
24df13c3-8190-f840-0c9c-89e30bd6be7f,depth,7
24df13c3-8190-f840-0c9c-89e30bd6be7f,ram-size,64
e6bdf15f-e274-7c1b-5395-3d980dad2079,power,6
e6bdf15f-e274-7c1b-5395-3d980dad2079,weight,9
e6bdf15f-e274-7c1b-5395-3d980dad2079,width,22
e6bdf15f-e274-7c1b-5395-3d980dad2079,height,3
e6bdf15f-e274-7c1b-5395-3d980dad2079,depth,80
e6bdf15f-e274-7c1b-5395-3d980dad2079,storage,2048
b8a236ce-862b-741b-b981-c8787ac24e45,power,5
b8a236ce-862b-741b-b981-c8787ac24e45,weight,8
b8a236ce-862b-741b-b981-c8787ac24e45,width,22
b8a236ce-862b-741b-b981-c8787ac24e45,height,3
b8a236ce-862b-741b-b981-c8787ac24e45,depth,80
b8a236ce-862b-741b-b981-c8787ac24e45,storage,1024
789f50c6-3326-2d0f-26e7-c8286b6d9e39,power,8
789f50c6-3326-2d0f-26e7-c8286b6d9e39,weight,690
789f50c6-3326-2d0f-26e7-c8286b6d9e39,width,102
789f50c6-3326-2d0f-26e7-c8286b6d9e39,height,26
789f50c6-3326-2d0f-26e7-c8286b6d9e39,depth,147
789f50c6-3326-2d0f-26e7-c8286b6d9e39,storage,12288
15777398-7f71-3ddf-07fc-4235a80b46c0,power,6
15777398-7f71-3ddf-07fc-4235a80b46c0,weight,570
15777398-7f71-3ddf-07fc-4235a80b46c0,width,102
15777398-7f71-3ddf-07fc-4235a80b46c0,height,26
15777398-7f71-3ddf-07fc-4235a80b46c0,depth,147
15777398-7f71-3ddf-07fc-4235a80b46c0,storage,8192
376a4498-2cff-8607-ccf5-e2dba60490e2,power,35
376a4498-2cff-8607-ccf5-e2dba60490e2,weight,2240
376a4498-2cff-8607-ccf5-e2dba60490e2,width,199
376a4498-2cff-8607-ccf5-e2dba60490e2,height,166
376a4498-2cff-8607-ccf5-e2dba60490e2,depth,223
376a4498-2cff-8607-ccf5-e2dba60490e2,ram-size,4
bc8b7592-7c09-1917-2ef8-46e45cc46c9d,power,30
bc8b7592-7c09-1917-2ef8-46e45cc46c9d,weight,2200
bc8b7592-7c09-1917-2ef8-46e45cc46c9d,width,170
bc8b7592-7c09-1917-2ef8-46e45cc46c9d,height,168
bc8b7592-7c09-1917-2ef8-46e45cc46c9d,depth,226
bc8b7592-7c09-1917-2ef8-46e45cc46c9d,ram-size,8
f93b138a-d953-8ab4-c048-f3495a1eb2ab,power,5
f93b138a-d953-8ab4-c048-f3495a1eb2ab,weight,1220
f93b138a-d953-8ab4-c048-f3495a1eb2ab,width,125
f93b138a-d953-8ab4-c048-f3495a1eb2ab,height,158
f93b138a-d953-8ab4-c048-f3495a1eb2ab,depth,112
6f9e0940-a82d-abbb-3e1d-7c3b6fc82c2f,power,850
6f9e0940-a82d-abbb-3e1d-7c3b6fc82c2f,weight,1680
6f9e0940-a82d-abbb-3e1d-7c3b6fc82c2f,width,150
6f9e0940-a82d-abbb-3e1d-7c3b6fc82c2f,height,86
6f9e0940-a82d-abbb-3e1d-7c3b6fc82c2f,depth,160
7a44f54b-11b2-183b-effb-47e091846dd5,power,1000
7a44f54b-11b2-183b-effb-47e091846dd5,weight,24800
7a44f54b-11b2-183b-effb-47e091846dd5,width,171
7a44f54b-11b2-183b-effb-47e091846dd5,height,219
7a44f54b-11b2-183b-effb-47e091846dd5,depth,439
7a44f54b-11b2-183b-effb-47e091846dd5,battery-size,18000
a9e87fba-296b-9dfe-6625-ddfb33e591d8,power,33
a9e87fba-296b-9dfe-6625-ddfb33e591d8,weight,3900
a9e87fba-296b-9dfe-6625-ddfb33e591d8,width,442
a9e87fba-296b-9dfe-6625-ddfb33e591d8,height,44
a9e87fba-296b-9dfe-6625-ddfb33e591d8,depth,285
a9e87fba-296b-9dfe-6625-ddfb33e591d8,storage,8000
4e964e08-f451-c799-e0c8-cc74b3f2d974,power,52
4e964e08-f451-c799-e0c8-cc74b3f2d974,weight,4160
4e964e08-f451-c799-e0c8-cc74b3f2d974,width,442
4e964e08-f451-c799-e0c8-cc74b3f2d974,height,44
4e964e08-f451-c799-e0c8-cc74b3f2d974,depth,325
404f0da9-0b19-5219-6c4f-315bb69987d3,power,45
404f0da9-0b19-5219-6c4f-315bb69987d3,weight,3500
404f0da9-0b19-5219-6c4f-315bb69987d3,width,443
404f0da9-0b19-5219-6c4f-315bb69987d3,height,44
404f0da9-0b19-5219-6c4f-315bb69987d3,depth,224
b2c79bd9-a8cc-34e6-e0af-169e5893873e,power,27
b2c79bd9-a8cc-34e6-e0af-169e5893873e,weight,2750
b2c79bd9-a8cc-34e6-e0af-169e5893873e,width,440
b2c79bd9-a8cc-34e6-e0af-169e5893873e,height,44
b2c79bd9-a8cc-34e6-e0af-169e5893873e,depth,257
84943d21-f7c6-0746-a330-8d30630595dc,power,18
84943d21-f7c6-0746-a330-8d30630595dc,weight,980
84943d21-f7c6-0746-a330-8d30630595dc,width,226
84943d21-f7c6-0746-a330-8d30630595dc,height,35
84943d21-f7c6-0746-a330-8d30630595dc,depth,131
7aebe095-3ae5-ff2a-1c86-7c5f469b7717,power,21
7aebe095-3ae5-ff2a-1c86-7c5f469b7717,weight,970
7aebe095-3ae5-ff2a-1c86-7c5f469b7717,width,243
7aebe095-3ae5-ff2a-1c86-7c5f469b7717,height,64
7aebe095-3ae5-ff2a-1c86-7c5f469b7717,depth,243
7bb7f55d-f294-2911-2df8-39cf1499b38a,power,22
7bb7f55d-f294-2911-2df8-39cf1499b38a,weight,680
7bb7f55d-f294-2911-2df8-39cf1499b38a,width,206
7bb7f55d-f294-2911-2df8-39cf1499b38a,height,32
7bb7f55d-f294-2911-2df8-39cf1499b38a,depth,206
efb25ef4-1c4d-fe27-73dd-ecb3d84a7956,power,16
efb25ef4-1c4d-fe27-73dd-ecb3d84a7956,weight,780
efb25ef4-1c4d-fe27-73dd-ecb3d84a7956,width,158
efb25ef4-1c4d-fe27-73dd-ecb3d84a7956,height,38
efb25ef4-1c4d-fe27-73dd-ecb3d84a7956,depth,158
04a627d1-dede-22ef-cb00-7c678d385683,power,12
04a627d1-dede-22ef-cb00-7c678d385683,weight,700
04a627d1-dede-22ef-cb00-7c678d385683,width,236
04a627d1-dede-22ef-cb00-7c678d385683,height,27
04a627d1-dede-22ef-cb00-7c678d385683,depth,102
d419740c-a6dc-9cb2-e797-0a8d7cd3c075,power,35
d419740c-a6dc-9cb2-e797-0a8d7cd3c075,weight,3650
d419740c-a6dc-9cb2-e797-0a8d7cd3c075,width,440
d419740c-a6dc-9cb2-e797-0a8d7cd3c075,height,44
d419740c-a6dc-9cb2-e797-0a8d7cd3c075,depth,250
f0e56eb5-c9fe-b13b-d11b-d2f7a34315f0,power,68
f0e56eb5-c9fe-b13b-d11b-d2f7a34315f0,weight,4180
f0e56eb5-c9fe-b13b-d11b-d2f7a34315f0,width,440
f0e56eb5-c9fe-b13b-d11b-d2f7a34315f0,height,44
f0e56eb5-c9fe-b13b-d11b-d2f7a34315f0,depth,270
69af10ee-b614-f0e5-6c83-f9a8a7b565b3,power,22
69af10ee-b614-f0e5-6c83-f9a8a7b565b3,weight,980
69af10ee-b614-f0e5-6c83-f9a8a7b565b3,width,216
69af10ee-b614-f0e5-6c83-f9a8a7b565b3,height,38
69af10ee-b614-f0e5-6c83-f9a8a7b565b3,depth,160
a2176cac-d662-a0d7-432d-048110a3e0d9,power,600
a2176cac-d662-a0d7-432d-048110a3e0d9,weight,21300
a2176cac-d662-a0d7-432d-048110a3e0d9,width,175
a2176cac-d662-a0d7-432d-048110a3e0d9,height,430
a2176cac-d662-a0d7-432d-048110a3e0d9,depth,580
a2176cac-d662-a0d7-432d-048110a3e0d9,ram-size,128
a2176cac-d662-a0d7-432d-048110a3e0d9,storage,32768
fd9bab5e-e215-424c-3f36-8aeea56f466b,power,500
fd9bab5e-e215-424c-3f36-8aeea56f466b,weight,19500
fd9bab5e-e215-424c-3f36-8aeea56f466b,width,175
fd9bab5e-e215-424c-3f36-8aeea56f466b,height,368
fd9bab5e-e215-424c-3f36-8aeea56f466b,depth,475
fd9bab5e-e215-424c-3f36-8aeea56f466b,ram-size,128
fd9bab5e-e215-424c-3f36-8aeea56f466b,storage,24576
ade4f050-755b-065d-c33f-7cb8765094a3,power,750
ade4f050-755b-065d-c33f-7cb8765094a3,weight,14500
ade4f050-755b-065d-c33f-7cb8765094a3,width,180
ade4f050-755b-065d-c33f-7cb8765094a3,height,415
ade4f050-755b-065d-c33f-7cb8765094a3,depth,420
ade4f050-755b-065d-c33f-7cb8765094a3,ram-size,128
ade4f050-755b-065d-c33f-7cb8765094a3,storage,4096
70bb0354-ca1d-d8a3-7dc6-ef2ef3749263,power,700
70bb0354-ca1d-d8a3-7dc6-ef2ef3749263,weight,12800
70bb0354-ca1d-d8a3-7dc6-ef2ef3749263,width,437
70bb0354-ca1d-d8a3-7dc6-ef2ef3749263,height,43
70bb0354-ca1d-d8a3-7dc6-ef2ef3749263,depth,597
70bb0354-ca1d-d8a3-7dc6-ef2ef3749263,ram-size,512
70bb0354-ca1d-d8a3-7dc6-ef2ef3749263,storage,16384
e291d5ce-8ba6-8fe5-8182-394aa2919830,power,450
e291d5ce-8ba6-8fe5-8182-394aa2919830,weight,16000
e291d5ce-8ba6-8fe5-8182-394aa2919830,width,203
e291d5ce-8ba6-8fe5-8182-394aa2919830,height,395
e291d5ce-8ba6-8fe5-8182-394aa2919830,depth,383
e291d5ce-8ba6-8fe5-8182-394aa2919830,ram-size,128
e291d5ce-8ba6-8fe5-8182-394aa2919830,storage,24576
709cd2e4-68b4-dd35-6584-102748b3a7db,power,775
709cd2e4-68b4-dd35-6584-102748b3a7db,weight,14200
709cd2e4-68b4-dd35-6584-102748b3a7db,width,168
709cd2e4-68b4-dd35-6584-102748b3a7db,height,444
709cd2e4-68b4-dd35-6584-102748b3a7db,depth,465
709cd2e4-68b4-dd35-6584-102748b3a7db,ram-size,256
709cd2e4-68b4-dd35-6584-102748b3a7db,storage,8192
0ed82b68-70fd-5c79-2afd-a3126cf2ec1e,power,1000
0ed82b68-70fd-5c79-2afd-a3126cf2ec1e,weight,16900
0ed82b68-70fd-5c79-2afd-a3126cf2ec1e,width,173
0ed82b68-70fd-5c79-2afd-a3126cf2ec1e,height,414
0ed82b68-70fd-5c79-2afd-a3126cf2ec1e,depth,453
0ed82b68-70fd-5c79-2afd-a3126cf2ec1e,ram-size,512
0ed82b68-70fd-5c79-2afd-a3126cf2ec1e,storage,8192
86b8ab7e-06f4-a0d3-d0e9-f88204f4aa3f,power,500
86b8ab7e-06f4-a0d3-d0e9-f88204f4aa3f,weight,9800
86b8ab7e-06f4-a0d3-d0e9-f88204f4aa3f,width,437
86b8ab7e-06f4-a0d3-d0e9-f88204f4aa3f,height,43
86b8ab7e-06f4-a0d3-d0e9-f88204f4aa3f,depth,520
86b8ab7e-06f4-a0d3-d0e9-f88204f4aa3f,ram-size,128
86b8ab7e-06f4-a0d3-d0e9-f88204f4aa3f,storage,4096
b434d047-9ebb-de06-7e9c-dae5bb110cf9,power,1600
b434d047-9ebb-de06-7e9c-dae5bb110cf9,weight,28500
b434d047-9ebb-de06-7e9c-dae5bb110cf9,width,438
b434d047-9ebb-de06-7e9c-dae5bb110cf9,height,88
b434d047-9ebb-de06-7e9c-dae5bb110cf9,depth,760
b434d047-9ebb-de06-7e9c-dae5bb110cf9,ram-size,2048
b434d047-9ebb-de06-7e9c-dae5bb110cf9,storage,49152
0ffb8b80-7002-dc81-ca3b-6d8d6f9d0cf6,power,65
0ffb8b80-7002-dc81-ca3b-6d8d6f9d0cf6,weight,960
0ffb8b80-7002-dc81-ca3b-6d8d6f9d0cf6,width,117
0ffb8b80-7002-dc81-ca3b-6d8d6f9d0cf6,height,54
0ffb8b80-7002-dc81-ca3b-6d8d6f9d0cf6,depth,112
0ffb8b80-7002-dc81-ca3b-6d8d6f9d0cf6,ram-size,64
0ffb8b80-7002-dc81-ca3b-6d8d6f9d0cf6,storage,2048
